CityId,Src
7280,https://d13k13wj6adfdf.cloudfront.net/urban_areas/tokyo-5d21b97864.jpg
7281,https://d13k13wj6adfdf.cloudfront.net/urban_areas/mumbai-03cddd9bd2.jpg
7271,https://d13k13wj6adfdf.cloudfront.net/urban_areas/mexico-city-248909c78a.jpg
7279,https://d13k13wj6adfdf.cloudfront.net/urban_areas/shanghai-562387e4cf.jpg
7286,https://d13k13wj6adfdf.cloudfront.net/urban_areas/sao-paulo-94ecdb90e1.jpg
7265,https://d13k13wj6adfdf.cloudfront.net/urban_areas/new-york-9cb6cc2ae5.jpg
7137,https://lh3.googleusercontent.com/p/AF1QipNxzZ-JEOo1e2xI72HTO662nslYBQOPGZdsdms=s1600-w400
7258,https://d13k13wj6adfdf.cloudfront.net/urban_areas/buenos-aires-bb7fb05d6b.jpg
7190,https://d13k13wj6adfdf.cloudfront.net/urban_areas/delhi-c0a7e4cf62.jpg
7270,https://d13k13wj6adfdf.cloudfront.net/urban_areas/moscow-99ccf7ba84.jpg
7267,https://d13k13wj6adfdf.cloudfront.net/urban_areas/istanbul-bbe6bcce3f.jpg
7217,https://lh3.googleusercontent.com/p/AF1QipPNo5S6aUtWtd8q-iu4Rmtr7n3jH04BwFjfaPzx=s1600-w400
7278,https://d13k13wj6adfdf.cloudfront.net/urban_areas/cairo-ba88a8816b.jpg
7242,https://d13k13wj6adfdf.cloudfront.net/urban_areas/seoul-f160535ee8.jpg
7284,https://lh3.googleusercontent.com/p/AF1QipPwASsYwMc14euBNXN33HUHF02rSCJ25KC5oEDp=s1600-w400
7274,https://d13k13wj6adfdf.cloudfront.net/urban_areas/beijing-536dacdadf.jpg
7276,https://d13k13wj6adfdf.cloudfront.net/urban_areas/jakarta-7a73f56e41.jpg
7263,https://d13k13wj6adfdf.cloudfront.net/urban_areas/los-angeles-f5b60deb04.jpg
7266,https://d13k13wj6adfdf.cloudfront.net/urban_areas/london-12fdfd9fcf.jpg
7255,https://d13k13wj6adfdf.cloudfront.net/urban_areas/tehran-73f1f81d6a.jpg
7237,https://d13k13wj6adfdf.cloudfront.net/urban_areas/lima-0c69e4ed56.jpg
7243,https://d13k13wj6adfdf.cloudfront.net/urban_areas/manila-5150275531.jpg
7277,https://d13k13wj6adfdf.cloudfront.net/urban_areas/bogota-8dc7193397.jpg
7248,https://d13k13wj6adfdf.cloudfront.net/urban_areas/osaka-acd34c98bd.jpg
7285,https://d13k13wj6adfdf.cloudfront.net/urban_areas/rio-de-janeiro-448ecb9d55.jpg
7249,https://lh3.googleusercontent.com/p/AF1QipO50zuU1FMxtqPoZ5SqobFDwI4wwehQ4yyfJZUt=s1600-w400
7136,https://lh3.googleusercontent.com/p/AF1QipN7Wi4KCh0yUYwNbLOviwN_60Td0KCjkoEcL9U6=s1600-w400
7157,https://d13k13wj6adfdf.cloudfront.net/urban_areas/hong-kong-09cb9b74b0.jpg
7251,https://d13k13wj6adfdf.cloudfront.net/urban_areas/bengaluru-95c4126d8f.jpg
7228,https://d13k13wj6adfdf.cloudfront.net/urban_areas/chicago-1e610b84c3.jpg
7236,https://d13k13wj6adfdf.cloudfront.net/urban_areas/bangkok-abfa69e431.jpg
7289,https://d13k13wj6adfdf.cloudfront.net/urban_areas/hong-kong-09cb9b74b0.jpg
7201,https://d13k13wj6adfdf.cloudfront.net/urban_areas/chennai-ed456334e5.jpg
7173,https://lh3.googleusercontent.com/p/AF1QipNR-S1HJS5ISJHs_KpN7i944ybXxvc0WbVLtV_H=s1600-w400
7179,https://lh3.googleusercontent.com/p/AF1QipM5rI4r6-rUKx4SX_cos_kZu9ME7F5PfqUJE3AV=s1600-w400
7155,https://lh3.googleusercontent.com/p/AF1QipN33cv5K_b0MRvB77bAe7J8J-3PdpV5AJJXbTMp=s1600-w400
7253,https://lh3.googleusercontent.com/p/AF1QipMX8vPAp86YA0CYm3KNRJJVSLlvZo_wAnqJAAVB=s1600-w400
7191,https://d13k13wj6adfdf.cloudfront.net/urban_areas/hyderabad-c7f647937d.jpg
7282,https://d13k13wj6adfdf.cloudfront.net/urban_areas/paris-0ae0bb626e.jpg
7262,https://d13k13wj6adfdf.cloudfront.net/urban_areas/taipei-f36fb8cb4f.jpg
7272,https://d13k13wj6adfdf.cloudfront.net/urban_areas/lagos-f42cff422e.jpg
7257,https://d13k13wj6adfdf.cloudfront.net/urban_areas/toronto-a6fcbe977a.jpg
7202,https://lh3.googleusercontent.com/p/AF1QipNab2eTOsKwiCo5CsQGcQsdJjpWTAHKjrCzt0Ss=s1600-w400
7158,https://d13k13wj6adfdf.cloudfront.net/urban_areas/hong-kong-09cb9b74b0.jpg
7122,https://d13k13wj6adfdf.cloudfront.net/urban_areas/ho-chi-minh-city-e615342546.jpg
7268,https://d13k13wj6adfdf.cloudfront.net/urban_areas/riyadh-41db8948a7.jpg
7105,https://d13k13wj6adfdf.cloudfront.net/urban_areas/hong-kong-09cb9b74b0.jpg
7288,https://d13k13wj6adfdf.cloudfront.net/urban_areas/singapore-ec606a40aa.jpg
7220,https://lh3.googleusercontent.com/p/AF1QipOhFFJs_xnGNIgpWkBfVd30tQ3ku7XnCz99BO0H=s1600-w400
7177,https://upload.wikimedia.org/wikipedia/commons/thumb/3/34/China_Resources_Headquarters_Nanshan_Shenzhen_China.jpg/1024px-China_Resources_Headquarters_Nanshan_Shenzhen_China.jpg
7287,https://d13k13wj6adfdf.cloudfront.net/urban_areas/sydney-c1efeae24e.jpg
7225,https://d13k13wj6adfdf.cloudfront.net/urban_areas/houston-0e46f4fbb7.jpg
7247,https://lh3.googleusercontent.com/p/AF1QipO80YPe2UWiMGnMDttUwQWd4NcBVm_XyOrgyJEz=s1600-w400
7139,https://d13k13wj6adfdf.cloudfront.net/urban_areas/saint-petersburg-a33d8a3855.jpg
7165,https://lh3.googleusercontent.com/p/AF1QipMUyA92TjUSEA5UVtDPGngM2Bp0o3sAXAdmrFSj=s1600-w400
6651,https://lh3.googleusercontent.com/p/AF1QipMH2zI-2GtcX3g_GiFWukq9hDn82rquuEVx4rDg=s1600-w400
7192,https://lh3.googleusercontent.com/p/AF1QipOim5yRpDaTzZ-GAGBclrYx6SGIor-paiF4maEP=s1600-w400
5306,https://d13k13wj6adfdf.cloudfront.net/urban_areas/tokyo-5d21b97864.jpg
7222,https://upload.wikimedia.org/wikipedia/commons/thumb/5/56/Karaweik-Palace.JPG/800px-Karaweik-Palace.JPG
7171,https://d13k13wj6adfdf.cloudfront.net/urban_areas/hong-kong-09cb9b74b0.jpg
7218,https://lh3.googleusercontent.com/p/AF1QipPZNELlL_VdiVXZ82zRhaga2oIdDeJfirAWPDU1=s1600-w400
7123,https://d13k13wj6adfdf.cloudfront.net/urban_areas/ankara-af854e11da.jpg
7118,https://d13k13wj6adfdf.cloudfront.net/urban_areas/philadelphia-41bf6ab8ef.jpg
7205,https://lh3.googleusercontent.com/p/AF1QipMPevBBKgsfV8jQH0O_XASmY68-qZkDboVT7UAW=s1600-w400
6387,https://lh3.googleusercontent.com/p/AF1QipOrj3cMBvX_5Pl4Uo9c83SnLxTKdEXopN6G1Ty6=s1600-w400
7186,https://lh3.googleusercontent.com/p/AF1QipPwq92W7daMvagAiYUXHx3lh5ff2TnQpQkdcl08=s1600-w400
7181,https://lh3.googleusercontent.com/p/AF1QipOLENBluj1t03I_36olBgx1wTRX2fxCP3e4VQ_p=s1600-w400
7203,https://lh3.googleusercontent.com/p/AF1QipO-0LOO3ESx4OK7wcFd3pBBKgS4kOM6cl-5pzfu=s1600-w400
7132,https://lh3.googleusercontent.com/p/AF1QipOxXl49d7cMdJxRjUnqs-HZ21SzviirOxYGxC4=s1600-w400
3406,https://lh3.googleusercontent.com/p/AF1QipMxUN7puxRSGyVqql1gKiSLkUh3HTNDWvWJgoXA=s1600-w400
7126,https://d13k13wj6adfdf.cloudfront.net/urban_areas/barcelona-aacdf7ba91.jpg
7245,https://d13k13wj6adfdf.cloudfront.net/urban_areas/berlin-c96f97c4ba.jpg
7241,https://d13k13wj6adfdf.cloudfront.net/urban_areas/casablanca-06c7107aa5.jpg
7259,https://lh3.googleusercontent.com/p/AF1QipMTK-Er6ZAEFzwHQQa1JH1hbeYyJ_FZLoIFpwDZ=s1600-w400
7142,https://lh3.googleusercontent.com/p/AF1QipMECzVpf3SJVkbmKgN2E0udG9I7rg1WW_Blfl-n=s1600-w400
7207,https://lh3.googleusercontent.com/p/AF1QipNg-cIC132JE9QhefwDM_eqiNJCRYAqu24rl9Fe=s1600-w400
7211,https://lh3.googleusercontent.com/p/AF1QipMnmM8TvUtLt1Pb-WWs40OP1ykoudR7rSL6JW2v=s1600-w400
7213,https://d13k13wj6adfdf.cloudfront.net/urban_areas/montreal-3499a883aa.jpg
7114,https://d13k13wj6adfdf.cloudfront.net/urban_areas/dallas-a55f677457.jpg
7199,https://lh3.googleusercontent.com/p/AF1QipNys71z3-VTUJx6R84r-45f_lb8sjXCI_viAVI=s1600-w400
7226,https://d13k13wj6adfdf.cloudfront.net/urban_areas/miami-730928937f.jpg
7210,https://lh3.googleusercontent.com/p/AF1QipPhH3cgYQUGHvBaJnScocZBbF_kzFfO4FpWRmGJ=s1600-w400
7133,https://lh3.googleusercontent.com/p/AF1QipMV3hrq80DgYmPNJGklU1a8xBUJvFKjt-sLbhbS=s1600-w400
4095,https://lh3.googleusercontent.com/p/AF1QipMlo9jawEIOqyitWzzIeXanfNzX8oqAtaJQoR-4=s1600-w400
7254,https://lh3.googleusercontent.com/p/AF1QipPbDiRI1eUwxwGrjz205xkv3Wk-OCSmVFGSPPLf=s1600-w400
7140,https://d13k13wj6adfdf.cloudfront.net/urban_areas/guadalajara-b7eb63f649.jpg
7121,https://lh3.googleusercontent.com/p/AF1QipNjWMEX8Al2rnhvLQwWigsmSaFMKEqhA8ngX00s=s1600-w400
7144,https://lh3.googleusercontent.com/p/AF1QipN6PjEPPULUSy4zwIcCCgtvi5bq5m7ozW4CW_gK=s1600-w400
7283,https://d13k13wj6adfdf.cloudfront.net/urban_areas/santiago-9be57c2056.jpg
7275,https://d13k13wj6adfdf.cloudfront.net/urban_areas/nairobi-8e8453c4de.jpg
7184,https://lh3.googleusercontent.com/p/AF1QipOldZuyc1P0B6sYeHAZ-l2ifC9BUZW9nBSi0MZ0=s1600-w400
7269,https://d13k13wj6adfdf.cloudfront.net/urban_areas/cape-town-fa015ec35b.jpg
6168,https://lh3.googleusercontent.com/p/AF1QipNyTerDSYwtcg6jhf6ZyyFNHYWFpIBaV70tOFXx=s1600-w400
7172,https://lh3.googleusercontent.com/p/AF1QipMmeeWZcbADP6JgQrWtAWY2ZFTgpWZNhr-cvSq8=s1600-w400
7198,https://lh3.googleusercontent.com/p/AF1QipMhhNFORhPQDJbTbVFS-otmYsDDhfPtm5tnjWFR=s1600-w400
7145,https://d13k13wj6adfdf.cloudfront.net/urban_areas/dar-es-salaam-0106cbeeb1.jpg
7233,https://d13k13wj6adfdf.cloudfront.net/urban_areas/madrid-ee355b90b3.jpg
3032,https://d13k13wj6adfdf.cloudfront.net/urban_areas/manila-5150275531.jpg
7239,https://upload.wikimedia.org/wikipedia/commons/thumb/7/7e/Johannesburg_view_topofCC_03.jpg/800px-Johannesburg_view_topofCC_03.jpg
7138,https://lh3.googleusercontent.com/p/AF1QipN1GcKOZLZuhedAaC9o96xK9h9u26J4yHPzAJLB=s1600-w400
6547,https://lh3.googleusercontent.com/p/AF1QipPHRUmdUL5DCP27I_BA6qLQm6x2eXsUjutXZDtJ=s1600-w400
5208,https://lh3.googleusercontent.com/p/AF1QipOxQ9oWmyz6Cj4iuzQARm-BzyUhtHTEDkxvGS3l=s1600-w400
7219,https://lh3.googleusercontent.com/p/AF1QipNUH1JXr20OnmtQRcH9daRPenokKOFNCkUpWzjc=s1600-w400
7162,https://d13k13wj6adfdf.cloudfront.net/urban_areas/medellin-8559818a33.jpg
7208,https://d13k13wj6adfdf.cloudfront.net/urban_areas/porto-alegre-1a625034e0.jpg
7160,https://lh3.googleusercontent.com/p/AF1QipPLMH6l6jfkL5aZGtvMuG2gsk3E5RfDRKbepxaD=s1600-w400
6527,https://lh3.googleusercontent.com/p/AF1QipNR8AbRxOXa87XgAePdFRXo6n2f_QfA0DH7h6uj=s1600-w400
6631,https://lh3.googleusercontent.com/p/AF1QipPQHDelyvVgbP_gt39cwEq900QNR2245vDOtwqf=s1600-w400
7215,https://lh3.googleusercontent.com/p/AF1QipMGSOnkCOwZI6WD8d6xbwNddbvwLMHcSgnuJ817=s1600-w400
4993,https://lh3.googleusercontent.com/p/AF1QipMeTVTSAvjLH-knwncFkbyQFWOT2y5tysgC24Fq=s1600-w400
6176,https://d13k13wj6adfdf.cloudfront.net/urban_areas/seoul-f160535ee8.jpg
7238,https://lh3.googleusercontent.com/p/AF1QipPEqB_uq6JSwYw0HZQG_3VxfS9Jau4VLk60tRgK=s1600-w400
7116,https://d13k13wj6adfdf.cloudfront.net/urban_areas/boston-7399414b98.jpg
7119,https://d13k13wj6adfdf.cloudfront.net/urban_areas/detroit-e0a9dfeff2.jpg
7129,https://lh3.googleusercontent.com/p/AF1QipNW8eDAVxEigys_86pj3tAp8BiBRTh1dAEoVXM2=s1600-w400
7227,https://d13k13wj6adfdf.cloudfront.net/urban_areas/atlanta-9e33744cb4.jpg
5054,https://lh3.googleusercontent.com/p/AF1QipMRaln34TA3st0Hq8tocKGxs1qjA8CdIsgaBWka=s1600-w400
6286,https://lh3.googleusercontent.com/p/AF1QipNSnE4-UYvQnY-98UnGJ7brrcOz1QndEEYLzcsH=s1600-w400
7264,https://d13k13wj6adfdf.cloudfront.net/urban_areas/washington-dc-bd9a973760.jpg
7182,https://d13k13wj6adfdf.cloudfront.net/urban_areas/shanghai-562387e4cf.jpg
7110,https://d13k13wj6adfdf.cloudfront.net/urban_areas/phoenix-9fedc88f57.jpg
3412,https://lh3.googleusercontent.com/p/AF1QipPgAVyqW_ULnOAep-qQyUq0kK2B7wMpE-V_sSEQ=s1600-w400
7178,https://lh3.googleusercontent.com/p/AF1QipNmRcFp13iMIS_KX1MH5QPmzw5kf2xxmZMS1yDQ=s1600-w400
7244,https://lh3.googleusercontent.com/p/AF1QipPhWXxG7R9rs8v6L-CHPHmhJoKb0dCtWldgk29e=s1600-w400
7154,https://lh3.googleusercontent.com/p/AF1QipPzzwl_2eXIy-ehUlEMoJxxlnVrtJlN9KVpKApJ=s1600-w400
7229,https://d13k13wj6adfdf.cloudfront.net/urban_areas/caracas-ebd8917fa6.jpg
7193,https://lh3.googleusercontent.com/p/AF1QipOBaGdttLX7rpSOuq6304oI8WfVzcWjJ5JIFtGJ=s1600-w400
7174,https://lh3.googleusercontent.com/p/AF1QipNyiKCHdCsZQLYOeuyT9TSq5f5VTv4JGsiNwOg4=s1600-w400
7176,https://lh3.googleusercontent.com/p/AF1QipNWYexYzowKrrp1aSIpgzkvEgu858lEeNqQl4ce=s1600-w400
7197,https://lh3.googleusercontent.com/p/AF1QipOj0pvOROPwOQ-MYPGA5offXj1F9wBRNPqXw2Uc=s1600-w400
7209,https://d13k13wj6adfdf.cloudfront.net/urban_areas/curitiba-81eae696f4.jpg
6322,https://lh3.googleusercontent.com/p/AF1QipMtzWPnubYLP55yyUZqv2KzSGRII1JRSrkrQPDV=s1600-w400
7152,https://lh3.googleusercontent.com/p/AF1QipPueE4vpQbhIdj5uIeXlnYGhQGPTh1-uRa5e_cs=s1600-w400
6528,https://lh3.googleusercontent.com/p/AF1QipM1omD1fUvmVoOBqrBY-fVzEK71_jXiFjjUaZ1M=s1600-w400
7161,https://lh3.googleusercontent.com/p/AF1QipP3N9VDCPTZYxZ0hTtbRqKGsNkudUlfHD4qDIyc=s1600-w400
6431,https://lh3.googleusercontent.com/p/AF1QipMms5C87BclUrkIrEz3DE_8jfROW7KZx_SK8EOI=s1600-w400
7163,https://lh3.googleusercontent.com/p/AF1QipNcQ7LrHGCbVoCm6adNtoa8NFgXDXUXYD3HMeYt=s1600-w400
6524,https://upload.wikimedia.org/wikipedia/commons/thumb/c/ca/Nantianmen%2C_Baodu_Zhai.jpg/800px-Nantianmen%2C_Baodu_Zhai.jpg
7187,https://lh3.googleusercontent.com/p/AF1QipPnp4DsfUWB6E4c2spOyhUgawN9-m_7_1cDKEZs=s1600-w400
7230,https://d13k13wj6adfdf.cloudfront.net/urban_areas/kiev-e7a4b194e1.jpg
3661,https://lh3.googleusercontent.com/p/AF1QipPituRl-kBYbFoVAbETqmZ-0-IGsWU4fkrSrilZ=s1600-w400
6179,https://lh3.googleusercontent.com/p/AF1QipMobK24nbldS1H1i1cMT8uSwtmwhBCpm2GSJJ3G=s1600-w400
7128,https://lh3.googleusercontent.com/p/AF1QipOSwALt_O8gPC-iFf8v4aoz_6pWyLF7R5sVvepU=s1600-w400
7104,https://lh3.googleusercontent.com/p/AF1QipNp5FDGiNimQ4OK4g2Ky3YrEMCycTavbsAx4fgD=s1600-w400
6188,https://lh3.googleusercontent.com/p/AF1QipM8X-1LCqgmUNJDV75cMxEuEbW_SFNHZBtC0cfl=s1600-w400
7261,https://d13k13wj6adfdf.cloudfront.net/urban_areas/melbourne-17ca593856.jpg
7150,https://d13k13wj6adfdf.cloudfront.net/urban_areas/milan-536b0cd6d3.jpg
7180,https://lh3.googleusercontent.com/p/AF1QipPFqaCqK4XrwwcK7jNmLETzlLx7uXNyeDBrUxyL=s1600-w400
6533,https://d13k13wj6adfdf.cloudfront.net/urban_areas/fukuoka-719ae64d54.jpg
7223,https://d13k13wj6adfdf.cloudfront.net/urban_areas/san-francisco-bay-area-7f6d130d20.jpg
7164,https://d13k13wj6adfdf.cloudfront.net/urban_areas/havana-809012259a.jpg
7232,https://d13k13wj6adfdf.cloudfront.net/urban_areas/tashkent-fdb0651726.jpg
7260,https://d13k13wj6adfdf.cloudfront.net/urban_areas/vienna-8cf316bb2d.jpg
7159,https://lh3.googleusercontent.com/p/AF1QipO4_7QmYNRhN1xX_n8O6urTa5lXS2JXHzDusDCG=s1600-w400
7189,https://lh3.googleusercontent.com/p/AF1QipNWN-cd8tVOiIHYUPCCzA3DFVLPAaO-ncFpxC_P=s1600-w400
7064,https://d13k13wj6adfdf.cloudfront.net/urban_areas/baku-0aa6019508.jpg
7252,https://d13k13wj6adfdf.cloudfront.net/urban_areas/athens-325ec1b595.jpg
7175,https://lh3.googleusercontent.com/p/AF1QipMVG7iZVDCZyKk6UhITntREp4W09UiADf68H_qI=s1600-w400
6474,https://d13k13wj6adfdf.cloudfront.net/urban_areas/shanghai-562387e4cf.jpg
3439,https://d13k13wj6adfdf.cloudfront.net/urban_areas/jakarta-7a73f56e41.jpg
7111,https://d13k13wj6adfdf.cloudfront.net/urban_areas/san-diego-50187120db.jpg
7146,https://lh3.googleusercontent.com/p/AF1QipN92JvuUovB_w6l7mz5gY1jS5E23Gy9K1Jrs7HZ=s1600-w400
6637,https://lh3.googleusercontent.com/p/AF1QipP9rV1ouu_G5Rdo8gRP7SeLdrHojmzrNg6E2mHI=s1600-w400
7224,https://d13k13wj6adfdf.cloudfront.net/urban_areas/denver-655725fd8b.jpg
7125,null
6701,https://lh3.googleusercontent.com/p/AF1QipPVbFNu0CE6BuLutflf0bN9Gnyvp-ygXFBiA948=s1600-w400
7156,https://lh3.googleusercontent.com/p/AF1QipMfK18VczyCCNceGJ8IG2TI8mpd7nuYUYSNfcDW=s1600-w400
7200,https://lh3.googleusercontent.com/p/AF1QipNAnPxCvorMvcNM0rBETbqEQTUpztJiUjHrLxrG=s1600-w400
7106,null
4999,https://lh3.googleusercontent.com/p/AF1QipMzFYDxXc91ickWSNYkUL2pRbFhcNLBK0qwr9fA=s1600-w400
7070,https://lh3.googleusercontent.com/p/AF1QipNRdpeNlWuBFBDqWkZiRUHenl9vg99tR6_qt7ul=s1600-w400
7127,https://d13k13wj6adfdf.cloudfront.net/urban_areas/bucharest-0baa0f5eaa.jpg
6770,https://lh3.googleusercontent.com/p/AF1QipNeS3Xy71B7aCEJcTGnACyFc3o4utAq2nT-1bvA=s1600-w400
7246,https://lh3.googleusercontent.com/p/AF1QipNN_ZTdkIekgPHGafhH1Er4AdHscalhxMd45ef_=s1600-w400
7109,https://d13k13wj6adfdf.cloudfront.net/urban_areas/seattle-9bc4830d22.jpg
4994,https://lh3.googleusercontent.com/p/AF1QipMwL1tazmk-ybRsjsJI7yBI_k1Hqd5fe14wZ5Fh=s1600-w400
5002,https://d13k13wj6adfdf.cloudfront.net/urban_areas/johannesburg-6f2d7ccc07.jpg
7141,https://lh3.googleusercontent.com/p/AF1QipOkxUkPQg7pAbJHMbazVapXZmWBHJ-JhmsR40id=s1600-w400
7206,https://lh3.googleusercontent.com/p/AF1QipOFG7bXnJljtIV4adOx1oBYMR4EY5dSGlrqlpw=s1600-w400
7166,https://d13k13wj6adfdf.cloudfront.net/urban_areas/frankfurt-c7c5f50305.jpg
6991,https://d13k13wj6adfdf.cloudfront.net/urban_areas/beirut-ef6936d067.jpg
5209,https://d13k13wj6adfdf.cloudfront.net/urban_areas/stuttgart-87cad578bb.jpg
3702,https://upload.wikimedia.org/wikipedia/commons/thumb/c/ca/Nantianmen%2C_Baodu_Zhai.jpg/800px-Nantianmen%2C_Baodu_Zhai.jpg
7115,https://lh3.googleusercontent.com/p/AF1QipNJguvu_mVPe77SXmGfowTd2REqdx2BVMtq3bE0=s1600-w400
7167,https://d13k13wj6adfdf.cloudfront.net/urban_areas/hamburg-6ef9530ff8.jpg
7195,https://d13k13wj6adfdf.cloudfront.net/urban_areas/tel-aviv-093f2769f7.jpg
5252,https://lh3.googleusercontent.com/p/AF1QipOMuKOU_uQKWK1inUjxNx1P2kxe4hTXHxjCPCrg=s1600-w400
6473,https://lh3.googleusercontent.com/p/AF1QipNH9Ziyvwqufmj9JxNjQk5fgKmn63mxDR2Qm-LA=s1600-w400
7143,https://d13k13wj6adfdf.cloudfront.net/urban_areas/warsaw-06c037d5b1.jpg
7076,https://d13k13wj6adfdf.cloudfront.net/urban_areas/minsk-d5bfd8baf5.jpg
7273,https://d13k13wj6adfdf.cloudfront.net/urban_areas/rome-d6d22de42a.jpg
6864,https://lh3.googleusercontent.com/p/AF1QipMDOYtUCb2wcxL4jTrxhonoUzCHoGeZ7TrEH9qM=s1600-w400
5182,null
7124,https://d13k13wj6adfdf.cloudfront.net/urban_areas/budapest-e325bd2bb4.jpg
7131,https://d13k13wj6adfdf.cloudfront.net/urban_areas/lisbon-2b8bf1786b.jpg
7003,https://lh3.googleusercontent.com/p/AF1QipP-Kfxw3mgSvlSxPXeW6bkNydGY3e6SFL5YRrn_=s1600-w400
6186,https://lh3.googleusercontent.com/p/AF1QipNp27V-EbXHeuWCybbyi6H9Xq3RAwJk-D-zFZKr=s1600-w400
6552,https://lh3.googleusercontent.com/p/AF1QipNJuefi-gFOCUzQSVuMJ5znjYs-MPDCFBVK5HUs=s1600-w400
7012,https://lh3.googleusercontent.com/p/AF1QipNe_JprqqxG2lCI-4wn30blqyB2xHIEfYW04y4X=s1600-w400
6284,https://d13k13wj6adfdf.cloudfront.net/urban_areas/birmingham-f603089e10.jpg
6551,https://d13k13wj6adfdf.cloudfront.net/urban_areas/kyoto-bc8c37d2f9.jpg
5270,https://lh3.googleusercontent.com/p/AF1QipOM0C-YBGrqDUPQjisZPBuvzKcQMbFSVi-J-SFO=s1600-w400
6283,https://lh3.googleusercontent.com/p/AF1QipN6v8Bep2AwzIM9oXZxmm-0hYk1164NVUQuAZtB=s1600-w400
7149,https://d13k13wj6adfdf.cloudfront.net/urban_areas/naples-ddc3b31e44.jpg
6827,https://lh3.googleusercontent.com/p/AF1QipN3wpfmlWr9_VrUNhy82qnrGjbf2v6ONTzno_Di=s1600-w400
1853,https://d13k13wj6adfdf.cloudfront.net/urban_areas/los-angeles-f5b60deb04.jpg
6461,https://lh3.googleusercontent.com/p/AF1QipMTynfgg27KrnFnSh0Tefhv4MKLt1FAK55DR0MB=s1600-w400
6531,https://lh3.googleusercontent.com/p/AF1QipOQbk_Z2SXopu4Zd1NZeItrJqbpG8ZYRllzm1pf=s1600-w400
5222,https://lh3.googleusercontent.com/p/AF1QipM0PV8-qi342aZGn51H7cZ6T8F8zQx8I5gpqbRR=s1600-w400
6626,https://lh3.googleusercontent.com/p/AF1QipNJtCXiTVHwih-R9XiXdI5pMd-CEQ5VQEYJlZdK=s1600-w400
7214,https://lh3.googleusercontent.com/p/AF1QipNz_UyOiRPF8xpk7hp0ljmbWwMa0PJ7MLoY7w5G=s1600-w400
6938,https://lh3.googleusercontent.com/p/AF1QipMQiWG3QYmxLiBkuT7MoIeXr_0K1t2Nw2Wb7MMS=s1600-w400
7183,https://lh3.googleusercontent.com/p/AF1QipNMHcKr80BnzdfaK363CYXjgsKO40pkiZgpdGis=s1600-w400
6204,https://lh3.googleusercontent.com/p/AF1QipNTMqQCO3ObdeMUIJ_kubNXgwWMfzJhMCthg7wo=s1600-w400
1362,https://d13k13wj6adfdf.cloudfront.net/urban_areas/mumbai-03cddd9bd2.jpg
6997,https://lh3.googleusercontent.com/p/AF1QipNi04wI_QUeTtTLdvoASNbyUh3vfn-JTSN1A_-w=s1600-w400
6804,https://d13k13wj6adfdf.cloudfront.net/urban_areas/tunis-abea50beaa.jpg
6791,https://lh3.googleusercontent.com/p/AF1QipPfJZtaZjs6IQ9MGibdjmVfMqnGrenVWLM-0Wct=s1600-w400
6820,https://lh3.googleusercontent.com/p/AF1QipPKIMp0q-JXAHt-EP1FLVktNmZXTcO-cIlhNoZV=s1600-w400
5260,https://lh3.googleusercontent.com/p/AF1QipMjFm3aRSMhPxDqQnHF1ykDiXMELqysLD50_1aQ=s1600-w400
6942,https://d13k13wj6adfdf.cloudfront.net/urban_areas/quito-6913384127.jpg
6178,https://lh3.googleusercontent.com/p/AF1QipNHRpN0n1_xAG1BJzj3EtH2R8g2EmlbZD-jZOSL=s1600-w400
6936,https://lh3.googleusercontent.com/p/AF1QipO5yjbk6UYOvgsdNImk9zEGOVchxtqtk-XlHdMh=s1600-w400
5243,https://lh3.googleusercontent.com/p/AF1QipMd-veO_5_wuVf-Di_WogyjpHaT8BC_19NHVf2M=s1600-w400
6801,https://d13k13wj6adfdf.cloudfront.net/urban_areas/pittsburgh-345a34e2d1.jpg
5305,https://d13k13wj6adfdf.cloudfront.net/urban_areas/osaka-acd34c98bd.jpg
3279,https://lh3.googleusercontent.com/p/AF1QipOkXq3SYXppx3rH2j8u0nMHupBsvXP2EDdKDCED=s1600-w400
6496,https://lh3.googleusercontent.com/p/AF1QipOp05jChsurl0TtHgpcvBn8YBpG3mNNfFvu-pEy=s1600-w400
6199,https://lh3.googleusercontent.com/p/AF1QipM4F74E6oLOrZHoqpaSA3E9n-A_KCBCxhoXvlOt=s1600-w400
6185,https://d13k13wj6adfdf.cloudfront.net/urban_areas/shanghai-562387e4cf.jpg
6525,null
7008,https://lh3.googleusercontent.com/p/AF1QipNsiKzet3u_EpataJFAeUSQW_szrRoN9fZyAi9G=s1600-w400
7107,https://d13k13wj6adfdf.cloudfront.net/urban_areas/minneapolis-saint-paul-0167dd447d.jpg
7153,https://lh3.googleusercontent.com/p/AF1QipOwkbW7019YaN7a3KS8vrhegsl6fZTsraPA6Tqr=s1600-w400
6853,https://lh3.googleusercontent.com/p/AF1QipPNIoCtMqcQ4gyAb_tDOOwuVpJkhuwP6P1MsjZY=s1600-w400
6493,https://d13k13wj6adfdf.cloudfront.net/urban_areas/santiago-9be57c2056.jpg
5902,https://lh3.googleusercontent.com/p/AF1QipOof8VQ7pWxMvpOWwQGU6ILjb6L1wgqT6r3CZ7S=s1600-w400
6932,https://lh3.googleusercontent.com/p/AF1QipNW9kNEeUslA6G16gpJ8zrhntkuyoI-YTaax33U=s1600-w400
7066,https://d13k13wj6adfdf.cloudfront.net/urban_areas/phnom-penh-6f19962eaf.jpg
6899,https://d13k13wj6adfdf.cloudfront.net/urban_areas/san-diego-50187120db.jpg
5228,https://lh3.googleusercontent.com/p/AF1QipMDRw4yUrwHUZdgB3arQw2GJL7eLmb1iFq87L58=s1600-w400
7256,https://d13k13wj6adfdf.cloudfront.net/urban_areas/vancouver-3160f806cf.jpg
6385,https://lh3.googleusercontent.com/p/AF1QipN3WhIsSYkk6N6Pn--q56Qi67UHzKplDulEBaxL=s1600-w400
6175,https://lh3.googleusercontent.com/p/AF1QipN63uUrAt7QCK9U7emiTYRujapAv5i0SHZuOPG-=s1600-w400
7151,https://d13k13wj6adfdf.cloudfront.net/urban_areas/kuala-lumpur-1663138882.jpg
6722,https://lh3.googleusercontent.com/p/AF1QipNy9V4LMpS6K6nIGaso9jzZgGBwM9OUC3iv2qK8=s1600-w400
7090,https://lh3.googleusercontent.com/p/AF1QipOqtq_Snp6DFNRzXpQP_F4PSyE0Ch223814Ck6i=s1600-w400
5178,https://lh3.googleusercontent.com/p/AF1QipPuAA5YA371V3JXv2yXaz6WQPK0b__n_Q1cUlkZ=s1600-w400
5267,https://lh3.googleusercontent.com/p/AF1QipNKfmudNVx5XmO84D4Nq7_JeUebWidyvx6CTvn7=s1600-w400
6254,https://d13k13wj6adfdf.cloudfront.net/urban_areas/baltimore-14c1f65307.jpg
6187,https://d13k13wj6adfdf.cloudfront.net/urban_areas/shanghai-562387e4cf.jpg
6386,https://lh3.googleusercontent.com/p/AF1QipPzEDUADvXGmQ7YvJTPh-z1hsAdokR3HuYdduEz=s1600-w400
6287,null
5881,null
4046,https://lh3.googleusercontent.com/p/AF1QipOKKaw5qjW8pURMX-KnZ_AJ_HMkDCxduXqeyVg=s1600-w400
6854,https://d13k13wj6adfdf.cloudfront.net/urban_areas/hyderabad-c7f647937d.jpg
6526,https://lh3.googleusercontent.com/p/AF1QipOqKYnp3HdyrABAU8oqe1M03AX2fhRAPL2erQiH=s1600-w400
6183,https://lh3.googleusercontent.com/p/AF1QipMJS_AnLpMQAZRdbklYhTNlIxFnC3N8KbTu8Rdi=s1600-w400
5258,https://lh3.googleusercontent.com/p/AF1QipN9HmfSIk1Y7_rGQs4qAKOp2BL6mEzKMQsD6o91=s1600-w400
2678,https://lh3.googleusercontent.com/p/AF1QipPiG7w_hZTy05H0Vzvm-lZlC2BJgt6Nedy-QOZT=s1600-w400
5185,null
6985,https://lh3.googleusercontent.com/p/AF1QipPmQCOz9ftqfWzBIKmrZpQvkzmS_eCQu9W30uMC=s1600-w400
6565,https://d13k13wj6adfdf.cloudfront.net/urban_areas/delhi-c0a7e4cf62.jpg
7085,https://d13k13wj6adfdf.cloudfront.net/urban_areas/brisbane-194b3e5b49.jpg
6829,https://lh3.googleusercontent.com/p/AF1QipOXoXuawGvMwbBs_y7R2_5Y28VzTAs0DdAxFpKP=s1600-w400
6193,https://lh3.googleusercontent.com/p/AF1QipO0tLxP3KFqIjXl9KR0fuwNCE3GAvjg5Dl0UYrF=s1600-w400
7216,https://d13k13wj6adfdf.cloudfront.net/urban_areas/brussels-0d5db943f4.jpg
7056,https://lh3.googleusercontent.com/p/AF1QipNT5t9_fLm6n14Zqyigy7DodH1M073JYII_kiSI=s1600-w400
1339,https://d13k13wj6adfdf.cloudfront.net/urban_areas/tokyo-5d21b97864.jpg
6182,https://lh3.googleusercontent.com/p/AF1QipP4dg-5CriafN65gK7m1f7WQgtqJY7Zz0A9RUKi=s1600-w400
6789,https://d13k13wj6adfdf.cloudfront.net/urban_areas/san-antonio-462487f470.jpg
7134,https://lh3.googleusercontent.com/p/AF1QipMMt0gF4UB7H3Us9MZ5relHuTreV1m0pvEvrupA=s1600-w400
5138,https://lh3.googleusercontent.com/p/AF1QipOxYf756k518LPn8Aapx_J_J1bg8YKkAHF30l9U=s1600-w400
6937,https://lh3.googleusercontent.com/p/AF1QipM_Ug-I_CORa10Ds0pInxWMik_t09DChSqAXpoC=s1600-w400
6269,https://lh3.googleusercontent.com/p/AF1QipPF_Up3n354pnebVlal7hIFji-FsryqoM5X7sXI=s1600-w400
6859,https://lh3.googleusercontent.com/p/AF1QipN-To-m6jEq2S10V2KYADUkSYHVB7O9faB6Ua3N=s1600-w400
3605,https://lh3.googleusercontent.com/p/AF1QipMHRBDsqz6OPw0wSwDqYyYc-PDoGtf8PRLE9HLf=s1600-w400
7061,https://lh3.googleusercontent.com/p/AF1QipORmBKlzoNmGE5L7Un9txF9tEuIDCVHo1qjux9I=s1600-w400
7001,https://lh3.googleusercontent.com/p/AF1QipMytcndU9wrw_Xz1EXVJhAR8U8yzTVmm43KLvEe=s1600-w400
7005,https://lh3.googleusercontent.com/p/AF1QipPo0bu1pRcxYHoAwdfnJWrhqKeryF99o2Qof64Q=s1600-w400
6532,https://d13k13wj6adfdf.cloudfront.net/urban_areas/shanghai-562387e4cf.jpg
7117,https://d13k13wj6adfdf.cloudfront.net/urban_areas/tampa-bay-area-4fba731a6c.jpg
6169,https://lh3.googleusercontent.com/p/AF1QipPzYcCH7dzQNwk_eYAhC839mWhUyXlH9O1XLbaK=s1600-w400
6869,https://lh3.googleusercontent.com/p/AF1QipNMnjx9_MmP_BaH6EixuZwGnPxyF6CXiDSUj4Rt=s1600-w400
6174,https://d13k13wj6adfdf.cloudfront.net/urban_areas/manchester-f873de8594.jpg
6201,https://lh3.googleusercontent.com/p/AF1QipM2DH66SIO1Lf3X2GH3JmvFnj9DZFL13PzQQWJK=s1600-w400
6888,https://lh3.googleusercontent.com/p/AF1QipPQ8NhZDwQtj88xM4n1IQ0Nu9fr8A_ywGoHzzXN=s1600-w400
6625,https://lh3.googleusercontent.com/p/AF1QipPrKzux85RKnfOWW-v7VFzap9Vb9B5Mdenw4mz7=s1600-w400
6427,https://lh3.googleusercontent.com/p/AF1QipMhoXGV83cOfG0R4bKHUGwl-UmRlsmy-3nOglTs=s1600-w400
6819,https://lh3.googleusercontent.com/p/AF1QipPW8O0YOVtZH3cHMdlcYSN0PlH8N8aJ1pwccYa1=s1600-w400
6972,https://lh3.googleusercontent.com/p/AF1QipNYXg2hXBz2tRMLsN36YONX541UgQ09GkLK1x51=s1600-w400
6276,https://lh3.googleusercontent.com/p/AF1QipPrI9Rjbhmd_crMIgo_l6seJ5NRqJKt9CqhN-bO=s1600-w400
6778,https://d13k13wj6adfdf.cloudfront.net/urban_areas/san-francisco-bay-area-7f6d130d20.jpg
6877,https://lh3.googleusercontent.com/p/AF1QipPEVXoYXpf-9N0EO0MQssUBm-Yj4ojtnSHIssPS=s1600-w400
6198,https://d13k13wj6adfdf.cloudfront.net/urban_areas/delhi-c0a7e4cf62.jpg
7168,https://d13k13wj6adfdf.cloudfront.net/urban_areas/munich-b190ea0a11.jpg
6940,https://lh3.googleusercontent.com/p/AF1QipPpLZRt_Y9Snbt_tHkG6xxHen_wNEZ6g3YhscIh=s1600-w400
6963,https://lh3.googleusercontent.com/p/AF1QipN6a3WF84eqB8k4bS91nBqjaXKUOH-zbG9oCEa5=s1600-w400
6855,https://lh3.googleusercontent.com/p/AF1QipM0nZDSLWEa-_9PxaIbid154_dumOvl86PFA3Dh=s1600-w400
7112,https://d13k13wj6adfdf.cloudfront.net/urban_areas/st-louis-f0a3fe18ae.jpg
7007,https://lh3.googleusercontent.com/p/AF1QipMq27sCfyov-5uM6Tu7x3zI7oXJk5BhakIurH4=s1600-w400
7235,https://d13k13wj6adfdf.cloudfront.net/urban_areas/stockholm-a696fe73b4.jpg
5176,https://d13k13wj6adfdf.cloudfront.net/urban_areas/turin-14f7e3e0bc.jpg
7000,https://lh3.googleusercontent.com/p/AF1QipMC1con0ewUpTDttLGp4cnqDkNCIvquEjjYuvM1=s1600-w400
7231,https://d13k13wj6adfdf.cloudfront.net/urban_areas/dubai-89581487e2.jpg
6539,https://lh3.googleusercontent.com/p/AF1QipNBvjx2buCLUYGu0j63-w788UAgBUsrWyCk5pLr=s1600-w400
4876,https://d13k13wj6adfdf.cloudfront.net/urban_areas/los-angeles-f5b60deb04.jpg
6874,https://lh3.googleusercontent.com/p/AF1QipOL1g_z5H7QaU0EqXqENvfQYfVAZMVisYgrIfl3=s1600-w400
6290,https://lh3.googleusercontent.com/p/AF1QipO7sEvqa3pEocJdy_qkIHtqBPOndSch3dvp0JX-=s1600-w400
6998,https://lh3.googleusercontent.com/p/AF1QipOT3kraTvv9A8zJZX6tT9k54nXD624gm_eFwOjG=s1600-w400
6931,https://lh3.googleusercontent.com/p/AF1QipPTGIGdwYTm6x5B-dZkbPc6JpKqC2F3_6oJA5BY=s1600-w400
7185,https://lh3.googleusercontent.com/p/AF1QipMlmmuCNExkA8DJK1JjDNy8OdEgi_pfLe4NbmkQ=s1600-w400
6604,https://lh3.googleusercontent.com/p/AF1QipP5kjIPIxiELnzpEHEZeC4XcuQWRvwOct87_FUg=s1600-w400
3429,https://lh3.googleusercontent.com/p/AF1QipNv55vVnQdGybYK7Bdjq_WhfwO_xppmzBrjIwDo=s1600-w400
5274,https://lh3.googleusercontent.com/p/AF1QipPFoMQBD8B2tyqX7vwugaftS_3O6e2rvFJIMcad=s1600-w400
6882,https://lh3.googleusercontent.com/p/AF1QipM3wPVeiFc4LWK0EMhmdDxeppb7aEQr3U4sk8Nc=s1600-w400
7194,https://lh3.googleusercontent.com/p/AF1QipN1zYexnCgFdsg34JK_PtSRi-HDmXbhmZtmgR2p=s1600-w400
6782,https://d13k13wj6adfdf.cloudfront.net/urban_areas/portland-or-90f71ea149.jpg
7221,https://d13k13wj6adfdf.cloudfront.net/urban_areas/perth-1e220f50f9.jpg
7069,https://d13k13wj6adfdf.cloudfront.net/urban_areas/la-paz-b6e7626788.jpg
6434,https://lh3.googleusercontent.com/p/AF1QipMZxl4ObMY1SiD2WCsE7psGAWsNZ76lHZ4gc6HL=s1600-w400
6205,https://lh3.googleusercontent.com/p/AF1QipNKgulG6-rNaasmwSkoMyt4Ufiq6Hj3OosJ0Kkv=s1600-w400
6529,https://lh3.googleusercontent.com/p/AF1QipNpmbvTJD0ziyb1f11JaqwSpPe0LeY-GjfrciK8=s1600-w400
3432,https://lh3.googleusercontent.com/p/AF1QipNqZenH6hSHmNi9QX5xytudc9uR6zxw36j3PSF4=s1600-w400
6794,https://d13k13wj6adfdf.cloudfront.net/urban_areas/cleveland-293d4e8c4c.jpg
6753,https://lh3.googleusercontent.com/p/AF1QipO_IrdcNC5bfeWgy-5U6ZA-4Pj4pOkmbYgrlm7H=s1600-w400
6184,https://lh3.googleusercontent.com/p/AF1QipN0D0xdUt4xjCsakLtHm5EoaKuHrdeISp9eKEup=s1600-w400
1269,https://lh3.googleusercontent.com/p/AF1QipNd_8TWF0dMbPhmpYmVf-mMPKdXOWg3OFjqYKOi=s1600-w400
6636,https://lh3.googleusercontent.com/p/AF1QipPiudwgwwu6qSyoBmBTdRsxsfSdCSFGn3yUYmi4=s1600-w400
6999,https://lh3.googleusercontent.com/p/AF1QipPrK7StPY98NK2mPB8RHZ24RdjxUuC6TWGAWghI=s1600-w400
6780,https://d13k13wj6adfdf.cloudfront.net/urban_areas/las-vegas-6acb21a1fe.jpg
5276,https://d13k13wj6adfdf.cloudfront.net/urban_areas/shanghai-562387e4cf.jpg
6196,https://lh3.googleusercontent.com/p/AF1QipOvp3UqPiTO3MeRtz8cpzvp120CqeLsb0uFR3sr=s1600-w400
5879,https://lh3.googleusercontent.com/p/AF1QipOK5WH8iF9O7JqqAHJIzWTDQoRf-crTHamrkYR6=s1600-w400
6967,https://lh3.googleusercontent.com/p/AF1QipM4xpEnXbc44l86vKAVWpt_5_CUTBsIcPF-TM4r=s1600-w400
6475,https://lh3.googleusercontent.com/p/AF1QipNfCqjk562KNc75U3ys0inpH36oi2S690KEmjiz=s1600-w400
6249,https://d13k13wj6adfdf.cloudfront.net/urban_areas/indianapolis-0f293b1150.jpg
1995,https://d13k13wj6adfdf.cloudfront.net/urban_areas/miami-730928937f.jpg
7004,https://lh3.googleusercontent.com/p/AF1QipNjG-0QR4OEQr03qCwu2x87Yubt8-uBdwZ4m9SC=s1600-w400
6803,https://lh3.googleusercontent.com/p/AF1QipM_33Ky132gWJtTDBWRfKcxRMjed4r5Uap54Vex=s1600-w400
7045,https://d13k13wj6adfdf.cloudfront.net/urban_areas/belgrade-0f5df4fa7a.jpg
6181,null
7063,https://d13k13wj6adfdf.cloudfront.net/urban_areas/yerevan-5a9074bfec.jpg
6582,https://d13k13wj6adfdf.cloudfront.net/urban_areas/marseille-65ca8f5da8.jpg
7002,https://lh3.googleusercontent.com/p/AF1QipOeAHm5n0CHzNZCo5SpfD7TQjtDVOas-hWLa4N1=s1600-w400
6996,https://d13k13wj6adfdf.cloudfront.net/urban_areas/almaty-e6f7b165d0.jpg
6700,null
6235,https://lh3.googleusercontent.com/p/AF1QipNODQXnlbYyMO9-Ys9cueED-tOG1cTlEBfiQdqG=s1600-w400
6329,https://d13k13wj6adfdf.cloudfront.net/urban_areas/doha-a7431481f9.jpg
6378,https://lh3.googleusercontent.com/p/AF1QipNpa0MOATGqiNpFGSFuswAewTmV2elXEmlpnKb7=s1600-w400
7204,https://d13k13wj6adfdf.cloudfront.net/urban_areas/copenhagen-db746852d1.jpg
6557,https://lh3.googleusercontent.com/p/AF1QipME7NzL3GKh34O4pc8RniDYoAdqCQL6GWGZ5BSH=s1600-w400
908,null
7188,https://d13k13wj6adfdf.cloudfront.net/urban_areas/santo-domingo-6e37620cfa.jpg
4957,https://d13k13wj6adfdf.cloudfront.net/urban_areas/seoul-f160535ee8.jpg
6192,https://lh3.googleusercontent.com/p/AF1QipPIkoxoQg8_qEYFZUBk1O047o_5vAJO4zOiisQZ=s1600-w400
6569,https://lh3.googleusercontent.com/p/AF1QipOZbmqE68TD5WMO0YAfcwYxVYh4c1ungWXnAWo=s1600-w400
7170,https://lh3.googleusercontent.com/p/AF1QipMnB2KwRcFdxIrDCrkigTSUUgPy-X7gQ9pHfBAf=s1600-w400
6110,https://d13k13wj6adfdf.cloudfront.net/urban_areas/sao-paulo-94ecdb90e1.jpg
6924,https://lh3.googleusercontent.com/p/AF1QipOcugTfwHpReIJquNZRRJLxbeIUzv_WfKURv2kf=s1600-w400
6566,https://lh3.googleusercontent.com/p/AF1QipOjXqHlLcviShLaO3jenvqt_KIbs7wlt8VTGOs=s1600-w400
6992,https://d13k13wj6adfdf.cloudfront.net/urban_areas/tbilisi-583faa1bea.jpg
3672,https://lh3.googleusercontent.com/p/AF1QipM6Z_WlPEmzjvA0qCnoggZvZ5nWvgICsodpPXpt=s1600-w400
6779,https://d13k13wj6adfdf.cloudfront.net/urban_areas/san-francisco-bay-area-7f6d130d20.jpg
5317,https://lh3.googleusercontent.com/p/AF1QipNU3Zq18t662rCy4r3U9CYSaNWi-Nfr5Wh-gQct=s1600-w400
6363,https://lh3.googleusercontent.com/p/AF1QipMx4eHyxjFi81aaI6Zvz5Fp3CT89UXVok8y-oRc=s1600-w400
1007,https://lh3.googleusercontent.com/p/AF1QipMoBp5caee5yPGhIgZPUMX_ue182NQTIRjZOmPx=s1600-w400
7075,https://d13k13wj6adfdf.cloudfront.net/urban_areas/sofia-141d3a06cb.jpg
6516,https://lh3.googleusercontent.com/p/AF1QipN7OnHb57EQ9B4B8iTIT82PSEy4hliSlSSJM9iG=s1600-w400
5821,https://d13k13wj6adfdf.cloudfront.net/urban_areas/hong-kong-09cb9b74b0.jpg
6429,https://lh3.googleusercontent.com/p/AF1QipPfdvpcah2WqYqQYz2nAvj3OcH-Yn_jnJyL8bcy=s1600-w400
6370,https://lh3.googleusercontent.com/p/AF1QipMZu2KMhN_xc7hnUwpWDU6QGsJdBJsap12NXSmY=s1600-w400
3170,https://lh3.googleusercontent.com/p/AF1QipNtTWmdI_pYeRHV7m78vJaDJAN28THweqFzQu02=s1600-w400
7147,https://d13k13wj6adfdf.cloudfront.net/urban_areas/dublin-acf68f9012.jpg
6879,https://lh3.googleusercontent.com/p/AF1QipPDeAbrRi8GY8apzP7MDqzjW64Mfj6t3138XBi8=s1600-w400
7025,https://d13k13wj6adfdf.cloudfront.net/urban_areas/calgary-e0d8e7b67f.jpg
5053,https://lh3.googleusercontent.com/p/AF1QipO06d0PP-gczfJ9TH7HiVmW5-196JQuvIVyzXRq=s1600-w400
6318,https://lh3.googleusercontent.com/p/AF1QipNcSY2cqbPVbUZN8oM9gudc4gNY9eclWZp0cvSJ=s1600-w400
6969,https://d13k13wj6adfdf.cloudfront.net/urban_areas/guatemala-city-69c91dfc00.jpg
6191,https://lh3.googleusercontent.com/p/AF1QipNewnl9UbVjiTbLE5k8ke__GwFRyNL5cVK5Ab8R=s1600-w400
5508,https://lh3.googleusercontent.com/p/AF1QipNmq4jKNFDUJsZ1ERqmRztBDx7k0FsGbyhU59H4=s1600-w400
5444,https://lh3.googleusercontent.com/p/AF1QipON2KIjJsNFE86Y3SVpc0UeIStEBZZtTPcEPZEe=s1600-w400
6180,https://lh3.googleusercontent.com/p/AF1QipMOprTQFoBpBdQIEwrNYINNiTq3sT8I8O-tkcGU=s1600-w400
6567,https://lh3.googleusercontent.com/p/AF1QipP0ivyuZBscPFfdG5tYLQYSf6lD48VATTedukEx=s1600-w400
5433,https://d13k13wj6adfdf.cloudfront.net/urban_areas/columbus-f65f5476cf.jpg
1792,https://lh3.googleusercontent.com/p/AF1QipNdw0-nqN-maXNUvLmyR2hv-S19G8ij2sjY9FRu=s1600-w400
6661,https://lh3.googleusercontent.com/p/AF1QipOG7KjhH8sLcNX3izrdJTkGPr2kTx-cq86O1o0J=s1600-w400
3420,null
6878,https://lh3.googleusercontent.com/p/AF1QipN_Wtfx1T5fdxl5qWTYapY2MmQ6FN6XFjrlZZ5s=s1600-w400
1550,https://d13k13wj6adfdf.cloudfront.net/urban_areas/rio-de-janeiro-448ecb9d55.jpg
5237,https://lh3.googleusercontent.com/p/AF1QipOOFlqfIzegRK4Wed552ukgwRhQMh_QaYKnFZg9=s1600-w400
7087,https://lh3.googleusercontent.com/p/AF1QipMRKN-g7aCi99MKWPxfMpscZNNRAbFu_AZThQ0B=s1600-w400
4959,https://d13k13wj6adfdf.cloudfront.net/urban_areas/leeds-6913c9d8ac.jpg
7083,https://d13k13wj6adfdf.cloudfront.net/urban_areas/adelaide-3b1b936db3.jpg
3724,https://lh3.googleusercontent.com/p/AF1QipME_Ti53gYMTs9Bcj4RcG-h-4nVY_7y7sLy8N9B=s1600-w400
6883,https://lh3.googleusercontent.com/p/AF1QipOCdYHWfwdqars8N6-woWezyQvk0YQakUMA8txW=s1600-w400
4794,https://lh3.googleusercontent.com/p/AF1QipOg5QXf0JbjNROCyo1-dLKcNKI8btBFh5rcJp5-=s1600-w400
7068,https://lh3.googleusercontent.com/p/AF1QipOjUccJ1nQXRXb-qGZknyq26YxlQZVVWkJpghVC=s1600-w400
5877,https://d13k13wj6adfdf.cloudfront.net/urban_areas/cologne-c9ec74dec3.jpg
6799,https://d13k13wj6adfdf.cloudfront.net/urban_areas/milwaukee-aa45ba9b6b.jpg
6863,null
5884,https://lh3.googleusercontent.com/p/AF1QipPVW7b1N5_VEi9DZVmLssa_3WVdfbxHS3nYOjPs=s1600-w400
6007,https://lh3.googleusercontent.com/p/AF1QipNbGdZ3W3z-eMU5_4m36ru9KSLjRMNVXd2XBI_h=s1600-w400
7036,https://d13k13wj6adfdf.cloudfront.net/urban_areas/ottawa-b78a66e47b.jpg
5269,https://lh3.googleusercontent.com/p/AF1QipPUlVF_gOaqBLSgLiSeGN93AGxyd2sEQC-PQL1r=s1600-w400
6171,https://d13k13wj6adfdf.cloudfront.net/urban_areas/los-angeles-f5b60deb04.jpg
6795,https://d13k13wj6adfdf.cloudfront.net/urban_areas/cincinnati-c45eaa103c.jpg
6876,null
5256,https://lh3.googleusercontent.com/p/AF1QipP_rX6w0i5D0qmVId2g0cynx-4b8V5VcHYxnDUj=s1600-w400
4900,https://lh3.googleusercontent.com/p/AF1QipNoj7Cdm8A5gzBi4wNujOb8oynQC7LTkIrjtMWE=s1600-w400
1307,https://lh3.googleusercontent.com/p/AF1QipOPhgJTih6R21JwlGKlkT7jrgCMV8nte5OT53l7=s1600-w400
6628,https://lh3.googleusercontent.com/p/AF1QipOrAVZ_VJQq0yOKPTY7x2V-kPlgw-ipE1hG_eFB=s1600-w400
6773,https://lh3.googleusercontent.com/p/AF1QipNpB11SWXckmIIR66Jnk8VNxR2zQmhs7tAauWjx=s1600-w400
6832,https://d13k13wj6adfdf.cloudfront.net/urban_areas/seville-06e4e83013.jpg
6230,https://d13k13wj6adfdf.cloudfront.net/urban_areas/kansas-city-1e8f1c1456.jpg
5301,null
6324,https://d13k13wj6adfdf.cloudfront.net/urban_areas/the-hague-3f49f579da.jpg
5393,https://d13k13wj6adfdf.cloudfront.net/urban_areas/san-francisco-bay-area-7f6d130d20.jpg
858,https://d13k13wj6adfdf.cloudfront.net/urban_areas/dubai-89581487e2.jpg
6267,https://lh3.googleusercontent.com/p/AF1QipODoLr_t4_q4nHg2xaLrQgO2bI4mO4DF16FRqE5=s1600-w400
6545,https://lh3.googleusercontent.com/p/AF1QipOXYJ1yFL8tDwry26LVRBFE9CqNKXdZA8_Mz63g=s1600-w400
6941,https://d13k13wj6adfdf.cloudfront.net/urban_areas/lyon-b5d38c06cf.jpg
6189,https://lh3.googleusercontent.com/p/AF1QipOpYTTlgl6oWsAku6avsS1sXwKQu2qO4W_vOd_2=s1600-w400
6633,https://lh3.googleusercontent.com/p/AF1QipMDlIGSvtG6g3vJXAcMP1OxgVGLnLOWiqc-ad4W=s1600-w400
5429,https://d13k13wj6adfdf.cloudfront.net/urban_areas/charlotte-acc065366a.jpg
6277,https://lh3.googleusercontent.com/p/AF1QipPoB13F661VGbEGsEqwk0kflO1zmPER3LSLnIeW=s1600-w400
5609,https://lh3.googleusercontent.com/p/AF1QipNVknmwXNG6DIb-jRr6MqF4NreR4NAvSPVUU_WD=s1600-w400
6841,https://d13k13wj6adfdf.cloudfront.net/urban_areas/asuncion-6f34e2d44d.jpg
5229,null
6455,https://d13k13wj6adfdf.cloudfront.net/urban_areas/florence-ddf9003aa1.jpg
5975,https://lh3.googleusercontent.com/p/AF1QipNYezkgp0R8WCSSbiK-YMCXTYYzRqxekvcrDqF4=s1600-w400
6203,https://lh3.googleusercontent.com/p/AF1QipPJRvccF1_aNqGt9tLoizSOpEB25QzGSPsj87j7=s1600-w400
1153,https://d13k13wj6adfdf.cloudfront.net/urban_areas/mexico-city-248909c78a.jpg
6177,https://lh3.googleusercontent.com/p/AF1QipMfxRFg5r2aq2x9aWypaSfe8WsUcXjBgAB_d4Dx=s1600-w400
6665,https://lh3.googleusercontent.com/p/AF1QipNbGdZ3W3z-eMU5_4m36ru9KSLjRMNVXd2XBI_h=s1600-w400
6522,https://lh3.googleusercontent.com/p/AF1QipPzKm9PotleS9T4HsV8QGJ3vANSr-Bz1WrtKELV=s1600-w400
6910,null
5266,https://lh3.googleusercontent.com/p/AF1QipPveQRj8qqBWJP4L_oP2mfDJWaHiYP4RPOtS_V5=s1600-w400
913,https://lh3.googleusercontent.com/p/AF1QipMbpISXSYAiBwIAGdRBz6DJsIDvScIestvHq3LZ=s1600-w400
3699,https://lh3.googleusercontent.com/p/AF1QipMWR7zc6rpDeKGSeWmNxwhV1aIMcdUAz_S5T4o6=s1600-w400
6842,https://d13k13wj6adfdf.cloudfront.net/urban_areas/managua-f2637ab6ef.jpg
6237,https://d13k13wj6adfdf.cloudfront.net/urban_areas/austin-f42354c37f.jpg
6621,https://lh3.googleusercontent.com/p/AF1QipNFAYQqA6aJ6S-HvswkNr6wu-r3Pv9A8GfiokY=s1600-w400
5001,https://d13k13wj6adfdf.cloudfront.net/urban_areas/kuala-lumpur-1663138882.jpg
7100,https://lh3.googleusercontent.com/p/AF1QipPIUbVJL5sv-QHBRAynqocYCrzVzHzlrBjYUH1z=s1600-w400
7148,null
6530,https://lh3.googleusercontent.com/p/AF1QipM3cwDyPjnVNxL3vo4eECt9kat1Nq4ih75DqrG5=s1600-w400
5183,null
6929,https://lh3.googleusercontent.com/p/AF1QipOhQ4fmQdoLCEKMhgTL2_ogKUevql8tzLZueXK1=s1600-w400
3603,https://d13k13wj6adfdf.cloudfront.net/urban_areas/dusseldorf-4dad01e18e.jpg
6246,https://d13k13wj6adfdf.cloudfront.net/urban_areas/jacksonville-62a5b94ba8.jpg
4795,https://d13k13wj6adfdf.cloudfront.net/urban_areas/seoul-f160535ee8.jpg
3222,https://lh3.googleusercontent.com/p/AF1QipMqR5hYbXknHz0LuATWIspfEORDLjPDTS5bxEPy=s1600-w400
6824,https://lh3.googleusercontent.com/p/AF1QipMfIGmLE3KtPMHCexOdj8AKKQZ5zM3q7i1Dpt9q=s1600-w400
5231,https://lh3.googleusercontent.com/p/AF1QipOKJBlzYcUKfTgjm81RCVa4JHhC6hfwGDJposus=s1600-w400
3662,https://lh3.googleusercontent.com/p/AF1QipPfnhkwsY5wLCERC6j9ebjnfd2LFqZ7zeqv1aWD=s1600-w400
6856,https://d13k13wj6adfdf.cloudfront.net/urban_areas/kathmandu-e60a22e131.jpg
5234,https://lh3.googleusercontent.com/p/AF1QipMSKLRAWN0Qi__TvaTGtkr79qOKoSgocqti8i2a=s1600-w400
5619,null
6519,https://lh3.googleusercontent.com/p/AF1QipPMBMUe5ndRvoX5aNkXO93pu5qIgbpDhB8Wt3wf=s1600-w400
3761,https://lh3.googleusercontent.com/p/AF1QipPZ2UypxIyZr4lKqIXusjEgFiZLckPxCa3AERCz=s1600-w400
6946,https://lh3.googleusercontent.com/p/AF1QipMBbPtgsyz4HVL6Iy4l3NktDbgJ-OZN2nza9WoJ=s1600-w400
7322,https://d13k13wj6adfdf.cloudfront.net/urban_areas/auckland-d60b1ab66b.jpg
7240,https://d13k13wj6adfdf.cloudfront.net/urban_areas/amsterdam-731a0d165a.jpg
6471,null
7212,https://d13k13wj6adfdf.cloudfront.net/urban_areas/edmonton-405d742d77.jpg
6828,https://d13k13wj6adfdf.cloudfront.net/urban_areas/glasgow-e4bcca691b.jpg
6836,https://lh3.googleusercontent.com/p/AF1QipPFw5RX3PB214xwQUDFIge6PrtwFjaglsN-vFe7=s1600-w400
1267,https://lh3.googleusercontent.com/p/AF1QipMi0D1HMz8yO-Go-aob7YxB07GE3Gyamf7RSyXO=s1600-w400
1305,https://lh3.googleusercontent.com/p/AF1QipPPWgZujoHAnFoIdL-5qhuFut4jGLfGg86-bQVA=s1600-w400
3441,https://lh3.googleusercontent.com/p/AF1QipNp1j7Ug-ObX3kzcPJvPSiS2zpMozJjp4usW3jw=s1600-w400
5249,https://lh3.googleusercontent.com/p/AF1QipPKkG0nDcuXAjOHlFaAsAz8pCWZi2wwUWZ5r5vg=s1600-w400
6989,https://lh3.googleusercontent.com/p/AF1QipPBwupKQGyqg4V--d2hqcg-cqtKLSNnW427W6qB=s1600-w400
6573,https://lh3.googleusercontent.com/p/AF1QipN3MU8lGDG5Q2fwHIMldp90a-cQUyqpA-DRZ-Q-=s1600-w400
4912,https://lh3.googleusercontent.com/p/AF1QipMv_qv2DkaSfGRv3WRt1Yhz-WM66BFe_2RAAbob=s1600-w400
3210,null
6268,https://lh3.googleusercontent.com/p/AF1QipP6SoONfGB_md0g0VV0W998haiobrTTE4VvqN3h=s1600-w400
5255,https://lh3.googleusercontent.com/p/AF1QipM3ufLAgP5FPF1Tzjrr1dL6RDhIcfrQ4ONOZHwC=s1600-w400
6622,https://lh3.googleusercontent.com/p/AF1QipP5nKTheysn-6ovcHaDvUWfaZ7Taw5BeFitZ3Ba=s1600-w400
6568,https://lh3.googleusercontent.com/p/AF1QipNm8vVMN2J90nOVw2vwxOdEOblNMukXO5dyX3fy=s1600-w400
6920,https://lh3.googleusercontent.com/p/AF1QipPcsD4tjNqMeFfsgueS8JHxex5gQawMWizu-jhx=s1600-w400
4793,https://lh3.googleusercontent.com/p/AF1QipMZ6WJ9aL8DtDp8kSlRin6s5-MSJRUnlyKMkopG=s1600-w400
5820,null
6640,https://lh3.googleusercontent.com/p/AF1QipPy_1i1zl0REa0GnaC7t9QiTsaGZnQniXwAHoxv=s1600-w400
5762,https://lh3.googleusercontent.com/p/AF1QipMmRinyBLE3Aq2Hm5LStfcABeqUrTxKszPhFK3y=s1600-w400
5844,https://d13k13wj6adfdf.cloudfront.net/urban_areas/jakarta-7a73f56e41.jpg
6865,https://lh3.googleusercontent.com/p/AF1QipNZH4NiaZu-3vRXu6dlj3FQqfzZHeEmndC9ZO-A=s1600-w400
1290,null
5257,null
6921,https://lh3.googleusercontent.com/p/AF1QipPTyzUw6di_o_C86JR-6XCWLhXD3rri6j3dEOVZ=s1600-w400
6265,https://lh3.googleusercontent.com/p/AF1QipOeu1E-VizC_m0bxtZ2E4G42Au7tVdA2m1cgd4v=s1600-w400
6862,https://d13k13wj6adfdf.cloudfront.net/urban_areas/panama-115e3623c6.jpg
1548,https://d13k13wj6adfdf.cloudfront.net/urban_areas/rio-de-janeiro-448ecb9d55.jpg
1211,https://lh3.googleusercontent.com/p/AF1QipMcypGIC3_E8Mj1OXnn3kZKIblT5fRrZEGDtHUZ=s1600-w400
1549,https://d13k13wj6adfdf.cloudfront.net/urban_areas/rio-de-janeiro-448ecb9d55.jpg
6571,https://lh3.googleusercontent.com/p/AF1QipMcu0Ds4dK-TZZQ-1gnprlizJ0zz6meIGzr70zv=s1600-w400
6907,https://lh3.googleusercontent.com/p/AF1QipP9xhY2os6ydC342LHO_mjPfayPOz7xj9OPivBU=s1600-w400
6934,https://lh3.googleusercontent.com/p/AF1QipNKcSweFcS_0J1DG4Pc02gcIaBIUojjUHDxTcBS=s1600-w400
5885,https://lh3.googleusercontent.com/p/AF1QipOdtRrgv8c69hB_GEj0W980Uvficwo4FN9P0z85=s1600-w400
5000,https://d13k13wj6adfdf.cloudfront.net/urban_areas/singapore-ec606a40aa.jpg
